{
    "HGSV_208475": {
        "chr": 16,
        "start": 34603172,
        "stop": 34643240,
        "length": 68,
        "allele_frequency": 0.03623899817,
        "num_modes_predicted": 2,
        "mode_1": [
            "NA19731",
            "NA19759",
            "NA19777",
            "NA20506"
        ],
        "mode_2": [
            "NA19657",
            "NA19670",
            "NA19684",
            "NA19719",
            "NA19728",
            "NA19758",
            "NA19761",
            "NA19776",
            "NA20764"
        ]
    },
    "HGSV_204433": {
        "chr": 15,
        "start": 99906479,
        "stop": 99948418,
        "length": 1939,
        "allele_frequency": 0.05739799887,
        "num_modes_predicted": 2,
        "mode_1": [
            "HG00101",
            "HG00142",
            "HG00236",
            "HG00268",
            "HG00364",
            "HG02642",
            "HG02691",
            "HG03112",
            "HG03611",
            "NA12717",
            "NA18520",
            "NA18522",
            "NA18549",
            "NA18642",
            "NA18873",
            "NA18969",
            "NA18998",
            "NA19102",
            "NA19114",
            "NA19184",
            "NA19346",
            "NA19385",
            "NA19649",
            "NA19711",
            "NA19761",
            "NA20276",
            "NA20509",
            "NA20799",
            "NA20812",
            "NA20858",
            "NA20861",
            "NA21113 "
        ],
        "mode_2": [
            "HG00115",
            "HG00259",
            "HG00273",
            "HG00311",
            "HG00356",
            "HG00360",
            "HG01136",
            "HG01519",
            "HG01879",
            "HG02322",
            "HG02666",
            "HG03006",
            "HG03291",
            "HG03446",
            "HG03985",
            "NA11892",
            "NA12156",
            "NA12383",
            "NA12751",
            "NA18510",
            "NA19031",
            "NA19092",
            "NA19117",
            "NA19152",
            "NA19316",
            "NA19321",
            "NA19328",
            "NA19347",
            "NA19654",
            "NA19716",
            "NA19717",
            "NA19755",
            "NA19776",
            "NA20525",
            "NA20763",
            "NA20772",
            "NA20810",
            "NA20876",
            "NA20896",
            "NA20900 HGSV_204604"
        ]
    },
    "HGSV_2123": {
        "chr": 1,
        "start": 19608382,
        "stop": 19648449,
        "length": 67,
        "allele_frequency": 0.2707749903,
        "num_modes_predicted": 2,
        "mode_1": [
            "NA19648"
        ],
        "mode_2": [
            "HG00245",
            "HG00265",
            "HG00266",
            "HG00313",
            "HG00323",
            "HG00353",
            "HG00443",
            "HG00445",
            "HG00446",
            "HG00448",
            "NA11893",
            "NA11894",
            "NA12842",
            "NA18530",
            "NA18534",
            "NA18536",
            "NA18546",
            "NA18549",
            "NA18559",
            "NA18610",
            "NA18614",
            "NA18618",
            "NA18623",
            "NA18624",
            "NA18626",
            "NA18635",
            "NA18640",
            "NA18644",
            "NA18941",
            "NA18978",
            "NA18979",
            "NA18985",
            "NA18994",
            "NA18995",
            "NA19651",
            "NA19726",
            "NA19750",
            "NA19758",
            "NA20757",
            "NA20767",
            "NA20786",
            "NA20790",
            "NA20811",
            "NA20818",
            "NA20847",
            "NA20874",
            "NA21086",
            "NA21090"
        ]
    },
    "HGSV_58245": {
        "chr": 4,
        "start": 9453951,
        "stop": 9494534,
        "length": 583,
        "allele_frequency": 0.07760900259,
        "num_modes_predicted": 3,
        "mode_1": [
            "HG03457",
            "NA19098",
            "NA19159",
            "NA19213",
            "NA20773"
        ],
        "mode_2": [
            "HG00139",
            "HG00261",
            "HG00443",
            "HG00457",
            "HG00478",
            "HG00524",
            "HG00542",
            "HG00557",
            "HG00593",
            "HG00701",
            "HG00982",
            "HG01253",
            "HG01501",
            "HG01986",
            "HG02284",
            "HG02351",
            "HG02571",
            "HG03343",
            "HG03378",
            "HG03575",
            "HG03616",
            "HG03986",
            "HG04018",
            "HG04093",
            "HG04152",
            "HG04171",
            "HG04182",
            "NA18502",
            "NA18507",
            "NA18530",
            "NA18531",
            "NA18546",
            "NA18548",
            "NA18567",
            "NA18582",
            "NA18647",
            "NA18648",
            "NA18871",
            "NA18873",
            "NA18876",
            "NA18908",
            "NA18910",
            "NA18934",
            "NA18939",
            "NA18957",
            "NA18959",
            "NA18962",
            "NA18968",
            "NA18973",
            "NA18990",
            "NA19012",
            "NA19023",
            "NA19058",
            "NA19092",
            "NA19121",
            "NA19146",
            "NA19147",
            "NA19149",
            "NA19189",
            "NA19223",
            "NA19238",
            "NA19318",
            "NA19428",
            "NA19445",
            "NA19456",
            "NA19467",
            "NA19664",
            "NA19700",
            "NA19704",
            "NA19711",
            "NA19712",
            "NA19789",
            "NA19834",
            "NA19982",
            "NA20126",
            "NA20127",
            "NA20276",
            "NA20294",
            "NA20346",
            "NA20351",
            "NA20529",
            "NA20535",
            "NA20753",
            "NA20786",
            "NA20849",
            "NA20856",
            "NA20859",
            "NA20861",
            "NA20874",
            "NA20884",
            "NA20889",
            "NA20891",
            "NA20895",
            "NA20896",
            "NA20906",
            "NA21092",
            "NA21111",
            "NA21120",
            "NA21128",
            "NA21129",
            "NA21135"
        ],
        "mode_3": [
            "HG00473",
            "HG01956",
            "HG02013",
            "HG02628",
            "HG03045",
            "HG03432",
            "HG03547",
            "HG03578",
            "HG03744",
            "NA06985",
            "NA07056",
            "NA11933",
            "NA12776",
            "NA18488",
            "NA18498",
            "NA18519",
            "NA18523",
            "NA18611",
            "NA18620",
            "NA18626",
            "NA18639",
            "NA18909",
            "NA19000",
            "NA19019",
            "NA19035",
            "NA19038",
            "NA19160",
            "NA19236",
            "NA19314",
            "NA19394",
            "NA19443",
            "NA19454",
            "NA19652",
            "NA19920",
            "NA19921"
        ]
    },
    "HGSV_183778 ": {
        "chr": 13,
        "start": 63819029,
        "stop": 63860373,
        "length": 1344,
        "allele_frequency": 0.02529699914,
        "num_modes_predicted": 3,
        "mode_1": [
            "HG00099",
            "HG00176",
            "HG00178",
            "HG00328",
            "HG00332",
            "HG01440",
            "HG01513",
            "HG02262",
            "HG02734",
            "HG03754",
            "NA12006",
            "NA12829",
            "NA19131",
            "NA20519",
            "NA20906"
        ],